Workbook

Sheet Lecturas
A1: ESP32 · MQ-135 — Promedio cada 10 s
A2: N° | B2: Fecha | C2: Hora | D2: ADC Promedio | E2: Voltaje Prom. | F2: Escala Prom. | G2: Calidad Promedio | H2: Sesión

Sheet Estadísticas
A1: Estadísticas de Sesión · MQ-135
A2: Métrica | B2: Valor | C2: Unidad | D2: Descripción
A3: Total de promedios | B3: =COUNTA(Lecturas!D3:D100000)-1 | D3: Ventanas de 10 s registradas
A4: ADC Prom. Mínimo | B4: =IF(COUNTA(Lecturas!D3:D100000)>1,MIN(Lecturas!D3:D100000),"—") | C4: ADC | D4: Mínimo de los promedios
A5: ADC Prom. Máximo | B5: =IF(COUNTA(Lecturas!D3:D100000)>1,MAX(Lecturas!D3:D100000),"—") | C5: ADC | D5: Máximo de los promedios
A6: ADC Prom. Promedio | B6: =IF(COUNTA(Lecturas!D3:D100000)>1,ROUND(AVERAGE(Lecturas!D3:D100000),1),"—") | C6: ADC | D6: Media de los promedios
A7: Desv. Estándar | B7: =IF(COUNTA(Lecturas!D3:D100000)>1,ROUND(STDEV(Lecturas!D3:D100000),2),"—") | C7: ADC | D7: Dispersión de los promedios
A8: Voltaje Prom. Mínimo | B8: =IF(COUNTA(Lecturas!E3:E100000)>1,MIN(Lecturas!E3:E100000),"—") | C8: V
A9: Voltaje Prom. Máximo | B9: =IF(COUNTA(Lecturas!E3:E100000)>1,MAX(Lecturas!E3:E100000),"—") | C9: V
A10: Voltaje Prom. Promedio | B10: =IF(COUNTA(Lecturas!E3:E100000)>1,ROUND(AVERAGE(Lecturas!E3:E100000),4),"—") | C10: V
A11: Escala Prom. Promedio | B11: =IF(COUNTA(Lecturas!F3:F100000)>1,ROUND(AVERAGE(Lecturas!F3:F100000),2),"—") | C11: %
A12: Primer promedio | B12: =IF(COUNTA(Lecturas!B3:B3)>0,Lecturas!B3&" "&Lecturas!C3,"—") | D12: Fecha y hora del primer promedio
A13: Último promedio | B13: =IF(COUNTA(Lecturas!D3:D100000)>1,INDEX(Lecturas!B3:B100000,COUNTA(Lecturas!B3:B100000))&" "&INDEX(Lecturas!C3:C100000,COUNTA(Lecturas!C3:C100000)),"—") | D13: Fecha y hora del último promedio
A15: Distribución por Calidad del Aire (promedios)
A16: Categoría | B16: Lecturas | C16: % | D16: Color referencia
A17: EXCELENTE | B17: =COUNTIF(Lecturas!G3:G100000,"EXCELENTE") | C17: =IF(B17>0,ROUND(B17/B3*100,1),0) | D17: █████
A18: BUENO | B18: =COUNTIF(Lecturas!G3:G100000,"BUENO") | C18: =IF(B18>0,ROUND(B18/B3*100,1),0) | D18: █████
A19: MODERADO | B19: =COUNTIF(Lecturas!G3:G100000,"MODERADO") | C19: =IF(B19>0,ROUND(B19/B3*100,1),0) | D19: █████
A20: MALO | B20: =COUNTIF(Lecturas!G3:G100000,"MALO") | C20: =IF(B20>0,ROUND(B20/B3*100,1),0) | D20: █████
A21: PELIGROSO | B21: =COUNTIF(Lecturas!G3:G100000,"PELIGROSO") | C21: =IF(B21>0,ROUND(B21/B3*100,1),0) | D21: █████

Sheet Info
A1: Información del Sistema
A2: Sensor | B2: MQ-135 (Gas: CO₂, NH₃, Benceno, Humo)
A3: Microcontrolador | B3: ESP32
A4: Resolución ADC | B4: 12-bit (0 – 4095)
A5: Voltaje de referencia | B5: 3.3 V
A6: Modo de registro | B6: Promedio cada 10 segundos en Excel
A7: Fecha de inicio | B7: 2026-05-03 10:30:43
A8: Versión dashboard | B8: 2.0 · ESP32 MQ-135 Pro
A9: Archivo generado | B9: MQ135_Sesion_20260503_103043.xlsx
A11: Tabla de Referencia · Calidad del Aire
A12: 0 – 1200 ADC | B12: EXCELENTE
A13: 1200 – 2000 ADC | B13: BUENO
A14: 2000 – 2700 ADC | B14: MODERADO
A15: 2700 – 3400 ADC | B15: MALO
A16: 3400 – 4095 ADC | B16: PELIGROSO
